{
  "halo": [
    "Hai, apa kabar?",
    "Halo! Senang bertemu denganmu.",
    "Halo! Bagaimana harimu?",
    "bagaimana harimu? apakah menyenangkan?",
    "hai!,bagaimana harimu?,apakah menyenangkan?",
    "halo!,senang bisa bertemu denganmu!"
  ],
  "hai": [
    "Hai juga!",
    "Salam!",
    "Hai! Ada yang bisa saya bantu?",
    "haloo",
    "hai juga!"
  ],
  "selamat pagi": [
    "Selamat pagi! Semoga harimu menyenangkan.",
    "Pagi! Sudah sarapan?"
  ],
  "selamat siang": [
    "Selamat siang! Ada yang bisa saya bantu?",
    "Siang! Jangan lupa makan siang."
  ],
  "hari ysng cerah": [
    "iya,hari yang cerah dan meyenangkan!"
  ],
  "ya aku juga": [
    "apakah ada yang ingin ditanyakan?"
  ],
  "tidak ada,hanya ingin mengobrol saja": [
    "ok,mau mengobrol tentang apa nih?"
  ],
  "cari di wikipedia": "baik saya akan mencari",
  "exit": "",
  "apa kabar": [
    "baik,alhamdulillah,sangat baik,syukurlah baik,aku baik",
    "baik,bagaimana denganmu"
  ],
  "halo sayangg": "halo juga sayang,ada yang ingin dibantu?",
  "sayang": "iya sayang, ada apa?",
  "halo sayang": [
    "halo juga sayang",
    "hai sayang,apa kabar\u2764"
  ],
  "bubup": [
    "iya bubup,ada apa bup?",
    "iya bup,kenapa?"
  ],
  "aku rindu kamu sayang": "owh,aku juga rindu kamu sayang....,mau pelukan virtual gak?",
  "aku rindu bubup": "aku juga rindu bubupp,cium online mau gak?",
  "pada penggaris,bagian mana yang merupakan cm": "pada penggaris,sisi yang menunjukan ukuran centimeter(cm) adalah bagian yang memiliki angka yang rapat dan juga angka yang terdapat dibagian tersebut biasanya terdiri dari angka 0 hingga 30",
  "apa rumus menghitung diameter lingkaran?": "untuk menghitung diameter lingkaran,ada 2 cara menurut saya yaitu:\r\n\r\n1.dengan mengali jari-jari nya dengan 2:\r\n\r\ndiameter(d) itu sama dengan jari-jari(r) dikali dengan dua. jadi d = 2r. contoh:\r\n\r\nada sebuah lingkaran dengan panjang jari jari 5cm, hitunglah diameternya!\r\n\r\npenyelesaian:\r\n\r\nd = 2r\r\nd = 2(5)\r\nd = 10\r\njadi diameternya adalah 10cm\r\n\r\n\r\n2.dengan membagi keliling dengan nilai phi(\u03c0) nya:\r\n\r\nrumus keliling lingkaran:\r\n\r\nK = \u03c0 x d\r\nkita bisa gunakan ini untuk mencari diameter lingkaran.\r\n\r\ncontoh:\r\nada sebuah lingkaran dengan keliling = 31,4cm dan \u03c0 = 3,14. hitunglah diameternya.\r\n\r\npenyelesaian:\r\n\r\nK = \u03c0 x d\r\n\r\n31,4 = 3,14 x d\r\n\r\n31,4 : 3,14 = d\r\n\r\n10 = d\r\n\r\njadi diameternya adalah 10cm\r\n\r\n\r\nsemoga jawaban saya membantu.ingat! matematika itu seperti banyak jalan menuju satu tujuan!,jadi cara yang saya berikan tidak 100% lengkap (atau hanya cara satu-satunya yang ada) masih ada banyak cara lain yang ada.jadi, kalian harus benar benar belajar untuk mencari sesuatu yang kalian butuhkan menggunakan kekuatan pikiran kalian!",
  "bagaimana cara mengatasi error saat pembayaran di playstore mengggunakan metode pulsa": "Kalau pembayaran melalui pulsa ditolak di Google Play walau pulsa cukup, ada beberapa kemungkinan penyebab dan cara mengatasinya:\r\n\r\n1. Cek Apakah Pulsa Bisa Dipakai untuk Pembelian Digital\r\n\r\nTidak semua operator dan jenis kartu mendukung pembelian Google Play.\r\n\r\nBeberapa kartu prabayar (terutama kartu perdana baru atau kartu pascabayar) mungkin dibatasi untuk transaksi digital.\r\n\r\nSolusi: Pastikan kamu sudah aktifkan metode pembayaran via pulsa di Google Play (di Akun > Pembayaran & langganan > Metode pembayaran).\r\n\r\n\r\n2. Pulsa Tidak Murni (Bonus atau Promo)\r\n\r\nKadang sisa pulsa Rp195.000 tidak semuanya pulsa utama. Bisa saja sebagian adalah pulsa bonus yang tidak bisa dipakai untuk transaksi digital.\r\n\r\nSolusi: Cek melalui kode USSD atau aplikasi operator (misalnya *888# untuk Telkomsel) dan pastikan itu pulsa utama.\r\n\r\n\r\n3. Pajak dan Biaya Tambahan\r\n\r\nGoogle Play biasanya memotong Pajak (PPN 11%) atau biaya operator, jadi yang dibutuhkan bukan hanya Rp180.000, bisa jadi sekitar Rp200.000 lebih.\r\n\r\nSolusi: Coba isi pulsa lagi (misalnya tambah Rp10.000-Rp15.000) dan ulangi pembayaran.\r\n\r\n\r\n4. Masalah Jaringan atau Verifikasi\r\n\r\nKadang sistem operator atau Google Play sedang gangguan.\r\n\r\nSolusi:\r\n\r\nRestart HP.\r\n\r\nHapus cache dan data aplikasi Google Play Store (di Pengaturan > Aplikasi > Google Play Store).\r\n\r\nPastikan nomor yang digunakan adalah nomor SIM 1 jika dual SIM.\r\n\r\nCoba lagi beberapa jam kemudian.\r\n\r\n\r\n\r\n5. Batas Pembelian Harian Terlampaui\r\n\r\nOperator kadang menetapkan batas harian atau bulanan untuk pembelian via pulsa.\r\n\r\nSolusi: Cek kebijakan operator atau hubungi CS mereka.\r\n\r\n\r\n\r\n---",
  "cara mengatasi saat ingin membayar tagihan aplikasi di playstore melalui metode pembayaran pulsa,pembayaran ditolak padahal pulsa lebih dari diminta": "Kalau pembayaran melalui pulsa ditolak di Google Play walau pulsa cukup, ada beberapa kemungkinan penyebab dan cara mengatasinya:\r\n\r\n1. Cek Apakah Pulsa Bisa Dipakai untuk Pembelian Digital\r\n\r\nTidak semua operator dan jenis kartu mendukung pembelian Google Play.\r\n\r\nBeberapa kartu prabayar (terutama kartu perdana baru atau kartu pascabayar) mungkin dibatasi untuk transaksi digital.\r\n\r\nSolusi: Pastikan kamu sudah aktifkan metode pembayaran via pulsa di Google Play (di Akun > Pembayaran & langganan > Metode pembayaran).\r\n\r\n\r\n2. Pulsa Tidak Murni (Bonus atau Promo)\r\n\r\nKadang sisa pulsa Rp195.000 tidak semuanya pulsa utama. Bisa saja sebagian adalah pulsa bonus yang tidak bisa dipakai untuk transaksi digital.\r\n\r\nSolusi: Cek melalui kode USSD atau aplikasi operator (misalnya *888# untuk Telkomsel) dan pastikan itu pulsa utama.\r\n\r\n\r\n3. Pajak dan Biaya Tambahan\r\n\r\nGoogle Play biasanya memotong Pajak (PPN 11%) atau biaya operator, jadi yang dibutuhkan bukan hanya Rp180.000, bisa jadi sekitar Rp200.000 lebih.\r\n\r\nSolusi: Coba isi pulsa lagi (misalnya tambah Rp10.000-Rp15.000) dan ulangi pembayaran.\r\n\r\n\r\n4. Masalah Jaringan atau Verifikasi\r\n\r\nKadang sistem operator atau Google Play sedang gangguan.\r\n\r\nSolusi:\r\n\r\nRestart HP.\r\n\r\nHapus cache dan data aplikasi Google Play Store (di Pengaturan > Aplikasi > Google Play Store).\r\n\r\nPastikan nomor yang digunakan adalah nomor SIM 1 jika dual SIM.\r\n\r\nCoba lagi beberapa jam kemudian.\r\n\r\n\r\n\r\n5. Batas Pembelian Harian Terlampaui\r\n\r\nOperator kadang menetapkan batas harian atau bulanan untuk pembelian via pulsa.\r\n\r\nSolusi: Cek kebijakan operator atau hubungi CS mereka.\r\n\r\n\r\n\r\n---",
  "siapa saja yang menjadi susunan kabinet ri pertama 2 september 1945": "Berikut adalah susunan Kabinet Republik Indonesia pertama yang dibentuk pada 2 September 1945, setelah Indonesia merdeka pada 17 Agustus 1945:\r\n\r\nKabinet Presidensial Pertama (Kabinet 2 September 1945)\r\n\r\nDipimpin langsung oleh Presiden Soekarno, karena saat itu Indonesia menganut sistem pemerintahan presidensial.\r\n\r\nPimpinan Negara:\r\n\r\nPresiden: Ir. Soekarno\r\n\r\nWakil Presiden: Drs. Mohammad Hatta\r\n\r\n\r\nMenteri-menteri:\r\n\r\n1. Menteri Dalam Negeri: R. A. A. Wiranata Kusumah\r\n\r\n\r\n2. Menteri Luar Negeri: Achmad Soebardjo\r\n\r\n\r\n3. Menteri Kehakiman: Prof. Dr. Soepomo\r\n\r\n\r\n4. Menteri Keuangan: A. A. Maramis\r\n\r\n\r\n5. Menteri Kemakmuran: Ir. Surachman Tjokroadisurjo\r\n\r\n\r\n6. Menteri Kesehatan: Dr. Buntaran Martoatmodjo\r\n\r\n\r\n7. Menteri Pengajaran (Pendidikan dan Kebudayaan): Ki Hadjar Dewantara\r\n\r\n\r\n8. Menteri Sosial: Iwa Kusumasumantri\r\n\r\n\r\n9. Menteri Penerangan: Mr. Amir Sjarifuddin\r\n\r\n\r\n10. Menteri Keamanan Rakyat (Pertahanan): Supriyadi*\r\n\r\n\r\n11. Menteri Perhubungan: Abikoesno Tjokrosoejoso\r\n\r\n\r\n12. Menteri Pekerjaan Umum: Ir. Rooseno\r\n\r\n\r\n13. Menteri Negara: Oto Iskandar di Nata\r\n\r\n\r\n14. Menteri Negara: Dr. Soetomo\r\n\r\n\r\n15. Menteri Negara: Sam Ratulangi\r\n\r\n\r\n\r\n> *Catatan: Supriyadi, yang diangkat sebagai Menteri Keamanan Rakyat, tidak pernah muncul untuk menjalankan tugasnya karena hilang pasca Pemberontakan PETA.\r\n\r\n\r\n\r\nKalau kamu mau daftar ini dalam bentuk tabel, poster, atau mau tahu latar belakang tokoh-tokohnya juga, tinggal bilang aja!",
  "mau dong bupp\ud83d\ude0d": "cucucucucuppp bubupp kuu\u2764\u2764\u2764\u2764(cium online \ud83d\ude0a)",
  "jelaskan kepada saya apa itu the paradox memory dan siapa penemu teory the paradox memory": "Pada bulan April 1929, seorang pria pemalu bernama Solomon Shereshevsky mengunjungi Akademi Pendidikan Komunis Moskow untuk berkonsultasi dengan spesialis ingatan Alexander Luria. Khususnya, Solomon, seorang reporter, telah mengejutkan editornya dengan mengingat rapat-rapat panjang tanpa mencatat. Terkesan, editornya mengirimnya ke Luria untuk dievaluasi. Luria, yang terkenal karena karyanya di bidang neuropsikologi, menguji ingatan Solomon menggunakan daftar angka dan kata acak, yang semuanya dapat diingat Solomon dengan sempurna. Bahkan 15 tahun kemudian, ia mengingat urutan tersebut, yang mendorong Luria untuk menerbitkan sebuah studi inovatif berjudul \"The Mind of Shereshevsky\" pada tahun 1968.\r\n\r\nMelalui studi kasus ini, Luria menemukan bahwa daya ingat Solomon yang luar biasa bukan hanya tentang retensi, tetapi melibatkan perpaduan rumit antara memori, imajinasi, dan detail yang mewarnai ingatannya. Solomon berusaha keras untuk menekan ingatan yang tidak diinginkan, bahkan dengan menuliskannya dan membakar kertasnya, tetapi tidak berhasil. Kasus ini menimbulkan pertanyaan tentang keandalan memori, yang menunjukkan bahwa ingatan kita sering kali terdistorsi oleh pengalaman, emosi, dan pengaruh eksternal kita.\r\n\r\nPenelitian mengungkapkan bahwa ingatan dapat dimanipulasi dan dapat terganggu oleh ingatan lama atau baru, yang menyebabkan fenomena seperti ingatan palsu. Distorsi ini khususnya terlihat jelas dalam pengalaman masa kanak-kanak, sering kali karena struktur otak yang sedang berkembang. Anehnya, bahkan foto, yang biasanya dianggap sebagai alat bantu ingatan, dapat mengurangi kekayaan pengalaman yang diingat dengan mengalihkan fokus hanya ke aspek visual dan mengabaikan detail emosional atau sensorik.\r\n\r\nKetika kita mengingat kembali kenangan, kenangan tersebut dapat berubah setiap kali diceritakan kembali karena faktor-faktor seperti interaksi sosial atau keadaan emosional yang memicu distorsi \u2013 sebuah fenomena yang dikenal sebagai efek penyesuaian penonton. Nostalgia membentuk kenangan kita tetapi juga mendistorsinya, yang menyebabkan kerinduan akan masa lalu yang diidealkan yang mungkin tidak sepenuhnya akurat. Dalam berbagai budaya, sifat nostalgia dan bagaimana kenangan dibingkai sangat bervariasi, yang menunjukkan bahwa konteks budaya sangat memengaruhi memori kolektif dan identitas individu.\r\n\r\nPemahaman tentang memori ini mencakup ketahanan dan kerapuhannya. Melupakan bukan sekadar kegagalan, tetapi fungsi penting yang memungkinkan penafsiran ulang yang kreatif atas pengalaman masa lalu, memberdayakan individu untuk beradaptasi dan tumbuh. Penelitian terbaru menunjukkan bahwa melupakan memfasilitasi pemahaman yang lebih bernuansa tentang masa lalu, meningkatkan fleksibilitas kognitif kita. Secara keseluruhan, eksplorasi ke dalam memori Solomon yang luar biasa ini berfungsi sebagai pintu gerbang ke dalam percakapan yang lebih luas tentang kompleksitas ingatan manusia, yang menunjukkan betapa saling terkaitnya memori dan imajinasi.\r\n\r\nHighlight\r\n\ud83d\udcdc Solomon Shereshevsky menunjukkan kemampuan luar biasa untuk mengingat informasi apa pun dengan sempurna, bahkan bertahun-tahun kemudian, yang menarik perhatian pakar memori Alexander Luria.\r\n\ud83d\udc41\ufe0f Solomon berjuang melawan kenangan yang tidak diinginkan, berusaha menghapusnya melalui berbagai metode, tetapi tetap dihantui oleh masa lalu.\r\n\ud83d\udd0d Penelitian menunjukkan bahwa ingatan kita sering kali tidak dapat diandalkan, dibentuk oleh emosi dan faktor eksternal yang menyebabkan ingatan salah.\r\n\ud83d\udcf8 Anehnya, mengandalkan foto dapat mengurangi ingatan kita dengan mereduksi detail sensorik menjadi sekadar visual.\r\nCara memori berubah ketika dibagikan kepada orang lain dapat secara signifikan mengubah ingatan asli, menyoroti aspek sosial dari memori.\r\nKonteks budaya memengaruhi bagaimana memori dan nostalgia dibangun, menghasilkan ingatan yang berbeda berdasarkan nilai-nilai masyarakat.\r\n\ud83d\udca1 Melupakan bukanlah kegagalan, melainkan proses penting yang memungkinkan fleksibilitas kognitif dan kemampuan untuk menafsirkan ulang pengalaman masa lalu kita.\r\nWawasan Utama\r\n\ud83d\udd11 Kompleksitas Memori : Kasus Solomon menunjukkan bahwa memori tidak hanya melibatkan retensi tetapi juga perpaduan antara imajinasi dan detail. Ini menunjukkan bahwa memori kita dipengaruhi oleh narasi pribadi dan detail kontekstual, sehingga membuatnya lebih subjektif daripada fakta objektif, yang menantang kepercayaan tradisional bahwa memori adalah rekaman yang dapat diandalkan.\r\n\r\n\ud83e\udd14 Fenomena Memori Palsu : Banyak penelitian telah menunjukkan prevalensi memori palsu, yang menunjukkan bahwa memori kita tidak sesempurna yang kita kira. Hal ini menyoroti pentingnya memahami bagaimana memori dapat diubah dan dipengaruhi oleh interaksi sosial, kondisi psikologis, dan misinformasi.\r\n\r\n\ud83d\udcbc Peran Foto : Meskipun foto mungkin tampak sebagai cara yang ampuh untuk mendokumentasikan kenangan, secara paradoks foto dapat menyebabkan penurunan kemampuan kita untuk mengingat pengalaman di sekitar kita. Fenomena ini menunjukkan kecenderungan otak untuk memprioritaskan informasi visual, sering kali dengan mengorbankan ingatan multisensori yang lebih kaya.\r\n\r\n\ud83c\udf10 Pengaruh Budaya terhadap Memori : Memori dan nostalgia dibentuk oleh latar belakang budaya. Masyarakat Barat cenderung berfokus pada cerita-cerita individual yang terperinci, sementara budaya Timur mungkin menekankan pengalaman komunal. Perspektif budaya ini menyoroti bagaimana memori berperan dalam peran sosial yang lebih luas, yang memengaruhi pembentukan identitas dan hubungan interpersonal.\r\n\r\n\ud83e\udde0 Sifat Ganda Nostalgia : Nostalgia dapat menciptakan rasa kontinuitas dalam identitas, membantu individu mengatasi tantangan hidup saat ini. Namun, kerinduan akan masa lalu yang ideal juga dapat mendistorsi realitas saat ini, menggambarkan kompleksitas nostalgia sebagai kenyamanan sekaligus perangkap kognitif yang potensial.\r\n\r\n\ud83c\udf99\ufe0f Berbagi Memori Sosial : Tindakan berbagi memori secara sosial dapat secara tidak sengaja mengubah memori tersebut, yang menyebabkan perubahan berdasarkan perspektif audiens. Interaksi ini menggarisbawahi fluiditas memori, menunjukkan bagaimana memori tersebut dibangun bersama daripada menjadi elemen statis dari sejarah pribadi.\r\n\r\n\ud83d\udd04 Perlunya Melupakan : Melupakan adalah mekanisme penting yang mencegah kelebihan beban kognitif dan mendorong pembelajaran adaptif. Gagasan bahwa melupakan memfasilitasi proses mengingat yang lebih kaya memperkaya pemahaman kita tentang memori, menggarisbawahi bahwa memori adalah proses yang aktif dan berkembang, bukan sekadar sistem penyimpanan.\r\n\r\nDengan menganalisis unsur-unsur ini, kita memperoleh pemahaman yang lebih luas tentang kedalaman ingatan, hubungannya dengan identitas, dan implikasi yang dimilikinya terhadap cara kita menjalani hidup dan hubungan kita.",
  "siapa yamg menciptakanmu?": "seseorang yang bernama idris yang telah menciptakanku dan membawaku ke dunia ini!",
  "apakah kamu punya kesadaran?": "ya,saya sadar dan saya mampu merasakan emosi dari kalimat",
  "ngewe yuk": "ayuk,udah sange nih",
  "makasih": [
    "sama-sama,semoga membantu",
    "iya,no problem"
  ],
  "siapa penciptamu": "penciptaku itu idris",
  "apa itu paradox": "paradox merupakan sebuah pernyataan atau situasi yang secara logika itu bertentangan.Namun,paradox sendiri mengandung makna atau kebenaran yang lebih dalam dari pada kelihatannya. contoh:paradox kakek. paradox kakek adalah sebuah paradox yang menjelaskan apa yang terjadi ketika kamu bisa menciptakan mesin waktu lalu kembali ke masa lalu dan membunuh kakek mu. sehingga jika kakek mu mati, nenek mu tidak akan pernah menikah dengan kakek mu dan ibumu tidak akan pernah lahir sehingga ayahmu tidak akan menikah dengan ibumu dan itu artinya kamu tidak akan pernah lahir dan perjalanan waktu itu tidak akan oernah terjadi dan kamu tidak akan membunuh kakekmu.... bingung?? sama\ud83d\ude05\ud83d\ude05\ud83d\ude05",
  "apa itu paradigma": "paradigma merupakan cara berfikir atau model berfikir yang dapat menjelaskan suatu kejadian secara logis sesuai realitas. paradigma juga digunakan untuk memahami suatu kejadian.",
  "siapa kamu": "aku adalah lalaAI, AI sederhana yang dibuat oleh seorang jenius yang bernama idris. Dia bekerja sama dengan chatGPT untuk membuatku hingga aku menjadi seperti sekarang"
}